{
  "products": [
    {
      "productName": "Realme 8 Pro",
      "productManufacturer": "Realme",
      "productQuantity": "3",
      "productPrice": "18000",
      "productDescription": "The realme 8 Pro features a Tilt-shift mode and the Tilt-shift Time Lapse video so that you can add a creative perspective to the content that you create. Thanks to the Super AMOLED Display, your favourite movies, games, and more are more bright and vivid on screen. And, thanks to the 4500 mAh battery, you can stream content, game, and more without worrying about recharging your phone.",
      "views": 7,
      "id": "5ac80174-86f5-437d-ac40-406b232f6d7f",
      "creationDate": 1617140373900
    },
    {
      "productName": "Nokia PureBook X14 Core i5 10th Gen",
      "productManufacturer": "Nokia",
      "productQuantity": "5",
      "productPrice": "55000",
      "productDescription": "\nBring home the powerful and stylish Nokia PureBook X14 laptop and enjoy every detail in clear and vivid clarity. This laptop weighs just 1.1 kg, so you can easily take it along with you wherever you go. The 35.56 cm (14) Full HD LED-backlit IPS display with Dolby Vision makes it a delight to watch videos, movies, and more on it. What's more, this laptop is powered by an Intel Core i5 10th Gen processor and comes with Windows 10 pre-installed, offering a seamless computing experience.",
      "views": 0,
      "id": "7239ea94-ed1a-4620-959a-2c9d39b162c0",
      "creationDate": 1617140473354
    },
    {
      "productName": "APPLE MacBook Air M1 - (8 GB/256 GB SSD/Mac OS Big Sur) ",
      "productManufacturer": "Apple",
      "productQuantity": "7",
      "productPrice": "100000",
      "productDescription": "Built-in Apps: iMovie, Siri, GarageBand, Pages, Numbers, Photos, Keynote, Safari, Mail, FaceTime, Messages, Maps, Stocks, Home, Voice Memos, Notes, Calendar, Contacts, Reminders, Photo Booth, Preview, Books, App Store, Time Machine, TV, Music, Podcasts, Find My, QuickTime Player.\n8 GB/256 GB SSD/Mac OS Big Sur) MGN63HN/A  (13.3 inch, Space Grey, 1.29 kg)",
      "views": 2,
      "id": "55150dd6-0dfe-4ba9-9ff2-a2c9b54fd058",
      "creationDate": 1617140548645
    },
    {
      "productName": "SAMSUNG Galaxy A72 ",
      "productManufacturer": "Samsung",
      "productQuantity": "3",
      "productPrice": "35000",
      "productDescription": "Whether you are a fashion influencer or a photography enthusiast, this smartphone from Samsung is sure to be your ideal companion. You can capture clear and steady shots and upload them on your social media handles as this smartphone is equipped with a stunning rear-camera setup. Also, you don’t need to worry about unexpected drizzles as this smartphone comes with an IP67 rating. What’s more, its stunning display and 90 Hz refresh rate make this smartphone a must-have device for all fashion-enthusiasts and gadget-lovers.",
      "views": 0,
      "id": "80ee60cf-9d09-4748-a6bc-ac20e8d9432a",
      "creationDate": 1617140639188
    }
  ],
  "users": [
    {
      "email": "mallulaanil1@gmail.com",
      "fname": "Anil Kumar",
      "lname": "Mallula",
      "password": "123456",
      "location": "MH",
      "id": "mallulaanil1@gmail.com"
    },
    {
      "email": "mallulaanil@gmail.com",
      "fname": "Anil Kumar",
      "lname": "Mallula",
      "password": "123456",
      "location": "MH",
      "id": "mallulaanil@gmail.com"
    },
    {
      "email": "mallulaanil2@gmail.com",
      "fname": "Anil",
      "lname": "Kumar",
      "password": "123456",
      "location": "A P",
      "id": "mallulaanil2@gmail.com"
    },
    {
      "email": "mallulaanil3@gmail.com",
      "fname": "Anil",
      "lname": "Kumar",
      "password": "123456",
      "location": "AP",
      "id": "mallulaanil3@gmail.com"
    }
  ]
}